sample,pos,snv_flag
1,100001,1
1,108081,1
1,116162,1
1,124243,1
1,132324,1
1,140405,1
1,148485,1
1,156566,1
1,164647,1
1,172728,1
1,180809,1
1,188889,1
1,196970,1
1,205051,1
1,213132,1
1,221213,1
1,229293,1
1,237374,1
1,245455,1
1,253536,1
1,261617,1
1,269697,1
1,277778,1
1,285859,1
1,293940,1
1,302021,1
1,310102,1
1,318182,1
1,326263,1
1,334344,1
1,342425,1
1,350506,1
1,358586,1
1,366667,0
1,374748,0
1,382829,0
1,390910,0
1,398990,0
1,407071,0
1,415152,0
1,423233,0
1,431314,0
1,439394,0
1,447475,0
1,455556,0
1,463637,0
1,471718,0
1,479798,0
1,487879,0
1,495960,0
1,504041,0
1,512122,0
1,520203,0
1,528283,0
1,536364,0
1,544445,0
1,552526,0
1,560607,0
1,568687,0
1,576768,0
1,584849,0
1,592930,0
1,601011,0
1,609091,0
1,617172,0
1,625253,0
1,633334,1
1,641415,0
1,649495,0
1,657576,0
1,665657,1
1,673738,1
1,681819,1
1,689899,0
1,697980,1
1,706061,0
1,714142,0
1,722223,0
1,730304,1
1,738384,0
1,746465,1
1,754546,1
1,762627,0
1,770708,0
1,778788,1
1,786869,1
1,794950,1
1,803031,1
1,811112,0
1,819192,0
1,827273,0
1,835354,0
1,843435,1
1,851516,0
1,859596,0
1,867677,0
1,875758,0
1,883839,1
1,891920,0
1,900001,1
2,100001,1
2,108081,1
2,116162,1
2,124243,1
2,132324,1
2,140405,1
2,148485,1
2,156566,1
2,164647,1
2,172728,1
2,180809,1
2,188889,1
2,196970,1
2,205051,1
2,213132,1
2,221213,1
2,229293,1
2,237374,1
2,245455,1
2,253536,1
2,261617,1
2,269697,1
2,277778,1
2,285859,1
2,293940,1
2,302021,1
2,310102,1
2,318182,1
2,326263,1
2,334344,1
2,342425,1
2,350506,1
2,358586,1
2,366667,0
2,374748,0
2,382829,0
2,390910,0
2,398990,0
2,407071,0
2,415152,0
2,423233,0
2,431314,0
2,439394,0
2,447475,0
2,455556,0
2,463637,0
2,471718,0
2,479798,0
2,487879,0
2,495960,0
2,504041,0
2,512122,0
2,520203,0
2,528283,0
2,536364,0
2,544445,0
2,552526,0
2,560607,0
2,568687,0
2,576768,0
2,584849,0
2,592930,0
2,601011,0
2,609091,0
2,617172,0
2,625253,0
2,633334,1
2,641415,0
2,649495,0
2,657576,0
2,665657,1
2,673738,0
2,681819,0
2,689899,1
2,697980,1
2,706061,1
2,714142,0
2,722223,0
2,730304,0
2,738384,0
2,746465,0
2,754546,1
2,762627,0
2,770708,1
2,778788,1
2,786869,1
2,794950,1
2,803031,1
2,811112,1
2,819192,0
2,827273,0
2,835354,0
2,843435,0
2,851516,0
2,859596,0
2,867677,0
2,875758,0
2,883839,1
2,891920,0
2,900001,1
3,100001,1
3,108081,1
3,116162,1
3,124243,1
3,132324,1
3,140405,1
3,148485,1
3,156566,1
3,164647,1
3,172728,1
3,180809,1
3,188889,1
3,196970,1
3,205051,1
3,213132,1
3,221213,1
3,229293,1
3,237374,1
3,245455,1
3,253536,1
3,261617,1
3,269697,1
3,277778,1
3,285859,1
3,293940,1
3,302021,1
3,310102,1
3,318182,1
3,326263,1
3,334344,1
3,342425,1
3,350506,1
3,358586,1
3,366667,1
3,374748,1
3,382829,1
3,390910,1
3,398990,1
3,407071,1
3,415152,1
3,423233,1
3,431314,1
3,439394,1
3,447475,1
3,455556,1
3,463637,1
3,471718,1
3,479798,1
3,487879,1
3,495960,1
3,504041,1
3,512122,1
3,520203,1
3,528283,1
3,536364,1
3,544445,1
3,552526,1
3,560607,1
3,568687,1
3,576768,1
3,584849,1
3,592930,1
3,601011,1
3,609091,1
3,617172,1
3,625253,1
3,633334,1
3,641415,0
3,649495,1
3,657576,0
3,665657,0
3,673738,1
3,681819,1
3,689899,1
3,697980,1
3,706061,0
3,714142,0
3,722223,0
3,730304,1
3,738384,0
3,746465,1
3,754546,1
3,762627,1
3,770708,1
3,778788,1
3,786869,1
3,794950,1
3,803031,0
3,811112,0
3,819192,0
3,827273,0
3,835354,0
3,843435,1
3,851516,0
3,859596,0
3,867677,1
3,875758,1
3,883839,1
3,891920,1
3,900001,1
